TP,FP,TN,FN,Accuracy,Sensitivity,Specificity,Precision,F1,MCC,AUROC,AUPRC,BalancedAccuracy,Fold
124,9,108,1,0.9586776859504132,0.992,0.9230769230769231,0.9323308270676691,0.9612403100775194,0.9191078410032739,0.9944615384615384,0.994969203848548,0.9575384615384616,1
117,5,118,2,0.9710743801652892,0.9831932773109243,0.959349593495935,0.9590163934426229,0.970954356846473,0.942446293843564,0.9899569583931134,0.9876525938994675,0.9712714354034296,2
108,6,122,5,0.9543568464730291,0.9557522123893806,0.953125,0.9473684210526315,0.9515418502202643,0.9084376710678284,0.9888689159292036,0.9861255276508526,0.9544386061946903,3
122,3,116,0,0.9875518672199171,1.0,0.9747899159663865,0.976,0.9878542510121457,0.9753947703279905,0.9931808789089406,0.9874966048456074,0.9873949579831933,4
120,5,113,3,0.966804979253112,0.975609756097561,0.9576271186440678,0.96,0.967741935483871,0.93368729419235,0.9963483533140416,0.996442196234334,0.9666184373708144,5
117,8,113,3,0.9543568464730291,0.975,0.9338842975206612,0.936,0.9551020408163265,0.909510898282799,0.9953168044077135,0.9955334638755076,0.9544421487603305,6
120,6,111,4,0.9585062240663901,0.967741935483871,0.9487179487179487,0.9523809523809523,0.96,0.9170289372738527,0.9759787703336091,0.9523202559543277,0.9582299421009098,7
109,2,129,1,0.9875518672199171,0.990909090909091,0.9847328244274809,0.9819819819819819,0.9864253393665159,0.9749655603746332,0.999444829979181,0.9993301346425965,0.9878209576682859,8
116,1,119,5,0.975103734439834,0.9586776859504132,0.9916666666666667,0.9914529914529915,0.9747899159663865,0.9507373004745235,0.9979338842975206,0.9980783178957844,0.9751721763085399,9
123,5,107,6,0.9543568464730291,0.9534883720930233,0.9553571428571429,0.9609375,0.9571984435797666,0.9083426958162709,0.9925941306755259,0.9935261675394753,0.9544227574750831,10
