,mean,std
TP,138.2,4.541169697580373
FP,6.4,3.0258148581093915
TN,136.6,4.765617600176404
FN,4.8,2.3475755815545347
Accuracy,0.960839160839161,0.01115476560746422
Sensitivity,0.9666269666029615,0.015720897214894287
Specificity,0.9554445242145935,0.020347057900679012
Precision,0.9559420457994694,0.020524788860523484
F1,0.9610492112147501,0.010882571090750403
MCC,0.9220764805373021,0.022128636781031514
AUROC,0.9894660167254659,0.007168039994921648
AUPRC,0.9856013608908555,0.01449075901310472
BalancedAccuracy,0.9610357454087776,0.010946082757332356
